StringUtils.java,StringUtils.cpp
LocationHelper.java,LocationHelper.cpp
ExternalLibrariesMediator.java,ExternalLibrariesMediator.cpp
LightFramework.java,LightFramework.cpp
UGC.java,UGC.cpp
OsmOAuth.java,OsmOAuth.cpp
DiscoveryManager.java,DiscoveryManager.cpp
HttpUploader.java,HttpUploader.cpp
PrivateVariables.java,PrivateVariables.cpp
TtsPlayer.java,tts.cpp
BookmarkManager.java,BookmarkManager.cpp
Locals.java,Locals.cpp
DisplayedCategories.java,DisplayedCategories.cpp
RoutingOptions.java,RoutingOptions.cpp
ChunkTask.java,HttpThread.cpp
Sponsored.java,Sponsored.cpp
OnboardingTip.java,Onboarding.cpp
Config.java,Config.cpp
MapFragment.java,MapFragment.cpp
GeoUtils.java,GeoUtils.cpp
JNI.java,jni_helper.cpp
VideoTimer.java,VideoTimer.cpp
LoggerFactory.java,LoggerFactory.cpp
TrackRecorder.java,TrackRecorder.cpp
SearchRecents.java,SearchRecents.cpp
IsolinesManager.java,IsolinesManager.cpp
MwmApplication.java,MwmApplication.cpp
DownloadResourcesLegacyActivity.java,DownloadResourcesLegacyActivity.cpp
SubwayManager.java,SubwayManager.cpp
Editor.java,Editor.cpp
SearchEngine.java,SearchEngine.cpp
UnitLocale.java,UnitLocale.cpp
OpeningHours.java,OpeningHours.cpp
MapManager.java,MapManager.cpp
TaxiManager.java,TaxiManager.cpp
PushwooshHelper.java,PushwooshHelper.cpp
Promo.java,Promo.cpp
LocationState.java,LocationState.cpp
UserActionsLogger.java,UserActionsLogger.cpp
GuidesManager.java,GuidesManager.cpp
TrafficState.java,TrafficState.cpp
SubwayManager.java,TrafficState.cpp
Editor.java,OpeningHours.cpp
LocationState.java,TrafficState.cpp
TrackRecorder.java,TrafficState.cpp
