DebugShapeFactory.java,/home/mmm/Projects/jmonkeyengine/jme3-bullet-native/src/native/cpp/com_jme3_bullet_util_DebugShapeFactory.cpp
PhysicsCollisionEvent.java,/home/mmm/Projects/jmonkeyengine/jme3-bullet-native/src/native/cpp/com_jme3_bullet_collision_PhysicsCollisionEvent.cpp
SphereCollisionShape.java,/home/mmm/Projects/jmonkeyengine/jme3-bullet-native/src/native/cpp/com_jme3_bullet_collision_shapes_SphereCollisionShape.cpp
RigidBodyMotionState.java,/home/mmm/Projects/jmonkeyengine/jme3-bullet-native/src/native/cpp/com_jme3_bullet_objects_infos_RigidBodyMotionState.cpp
TranslationalLimitMotor.java,/home/mmm/Projects/jmonkeyengine/jme3-bullet-native/src/native/cpp/com_jme3_bullet_joints_motors_TranslationalLimitMotor.cpp
SixDofJoint.java,/home/mmm/Projects/jmonkeyengine/jme3-bullet-native/src/native/cpp/com_jme3_bullet_joints_SixDofJoint.cpp
CompoundCollisionShape.java,/home/mmm/Projects/jmonkeyengine/jme3-bullet-native/src/native/cpp/com_jme3_bullet_collision_shapes_CompoundCollisionShape.cpp
Point2PointJoint.java,/home/mmm/Projects/jmonkeyengine/jme3-bullet-native/src/native/cpp/com_jme3_bullet_joints_Point2PointJoint.cpp
PhysicsVehicle.java,/home/mmm/Projects/jmonkeyengine/jme3-bullet-native/src/native/cpp/com_jme3_bullet_objects_PhysicsVehicle.cpp
Vector3f.java,/home/mmm/Projects/jmonkeyengine/jme3-bullet-native/src/native/cpp/com_jme3_bullet_collision_shapes_SimplexCollisionShape.cpp
PhysicsJoint.java,/home/mmm/Projects/jmonkeyengine/jme3-bullet-native/src/native/cpp/com_jme3_bullet_joints_PhysicsJoint.cpp
HeightfieldCollisionShape.java,/home/mmm/Projects/jmonkeyengine/jme3-bullet-native/src/native/cpp/com_jme3_bullet_collision_shapes_HeightfieldCollisionShape.cpp
PhysicsRigidBody.java,/home/mmm/Projects/jmonkeyengine/jme3-bullet-native/src/native/cpp/com_jme3_bullet_objects_PhysicsRigidBody.cpp
Matrix3f.java,/home/mmm/Projects/jmonkeyengine/jme3-bullet-native/src/native/cpp/com_jme3_bullet_objects_PhysicsRigidBody.cpp
Quaternion.java,/home/mmm/Projects/jmonkeyengine/jme3-bullet-native/src/native/cpp/com_jme3_bullet_objects_PhysicsRigidBody.cpp
NativeMeshUtil.java,/home/mmm/Projects/jmonkeyengine/jme3-bullet-native/src/native/cpp/com_jme3_bullet_util_NativeMeshUtil.cpp
ConeJoint.java,/home/mmm/Projects/jmonkeyengine/jme3-bullet-native/src/native/cpp/com_jme3_bullet_joints_ConeJoint.cpp
HingeJoint.java,/home/mmm/Projects/jmonkeyengine/jme3-bullet-native/src/native/cpp/com_jme3_bullet_joints_HingeJoint.cpp
VehicleWheel.java,/home/mmm/Projects/jmonkeyengine/jme3-bullet-native/src/native/cpp/com_jme3_bullet_objects_VehicleWheel.cpp
PlaneCollisionShape.java,/home/mmm/Projects/jmonkeyengine/jme3-bullet-native/src/native/cpp/com_jme3_bullet_collision_shapes_PlaneCollisionShape.cpp
PhysicsSpace.java,/home/mmm/Projects/jmonkeyengine/jme3-bullet-native/src/native/cpp/com_jme3_bullet_PhysicsSpace.cpp
rayTest.java,/home/mmm/Projects/jmonkeyengine/jme3-bullet-native/src/native/cpp/com_jme3_bullet_PhysicsSpace.cpp
sweepTest.java,/home/mmm/Projects/jmonkeyengine/jme3-bullet-native/src/native/cpp/com_jme3_bullet_PhysicsSpace.cpp
SliderJoint.java,/home/mmm/Projects/jmonkeyengine/jme3-bullet-native/src/native/cpp/com_jme3_bullet_joints_SliderJoint.cpp
CylinderCollisionShape.java,/home/mmm/Projects/jmonkeyengine/jme3-bullet-native/src/native/cpp/com_jme3_bullet_collision_shapes_CylinderCollisionShape.cpp
PhysicsCharacter.java,/home/mmm/Projects/jmonkeyengine/jme3-bullet-native/src/native/cpp/com_jme3_bullet_objects_PhysicsCharacter.cpp
BoxCollisionShape.java,/home/mmm/Projects/jmonkeyengine/jme3-bullet-native/src/native/cpp/com_jme3_bullet_collision_shapes_BoxCollisionShape.cpp
ConeCollisionShape.java,/home/mmm/Projects/jmonkeyengine/jme3-bullet-native/src/native/cpp/com_jme3_bullet_collision_shapes_ConeCollisionShape.cpp
CollisionShape.java,/home/mmm/Projects/jmonkeyengine/jme3-bullet-native/src/native/cpp/com_jme3_bullet_collision_shapes_CollisionShape.cpp
RotationalLimitMotor.java,/home/mmm/Projects/jmonkeyengine/jme3-bullet-native/src/native/cpp/com_jme3_bullet_joints_motors_RotationalLimitMotor.cpp
SixDofSpringJoint.java,/home/mmm/Projects/jmonkeyengine/jme3-bullet-native/src/native/cpp/com_jme3_bullet_joints_SixDofSpringJoint.cpp
CapsuleCollisionShape.java,/home/mmm/Projects/jmonkeyengine/jme3-bullet-native/src/native/cpp/com_jme3_bullet_collision_shapes_CapsuleCollisionShape.cpp
PhysicsCollisionObject.java,/home/mmm/Projects/jmonkeyengine/jme3-bullet-native/src/native/cpp/com_jme3_bullet_collision_PhysicsCollisionObject.cpp
GImpactCollisionShape.java,/home/mmm/Projects/jmonkeyengine/jme3-bullet-native/src/native/cpp/com_jme3_bullet_collision_shapes_GImpactCollisionShape.cpp
PhysicsGhostObject.java,/home/mmm/Projects/jmonkeyengine/jme3-bullet-native/src/native/cpp/com_jme3_bullet_objects_PhysicsGhostObject.cpp
Matrix3f.java,/home/mmm/Projects/jmonkeyengine/jme3-bullet-native/src/native/cpp/com_jme3_bullet_objects_PhysicsGhostObject.cpp
Quaternion.java,/home/mmm/Projects/jmonkeyengine/jme3-bullet-native/src/native/cpp/com_jme3_bullet_objects_PhysicsGhostObject.cpp
HullCollisionShape.java,/home/mmm/Projects/jmonkeyengine/jme3-bullet-native/src/native/cpp/com_jme3_bullet_collision_shapes_HullCollisionShape.cpp
MeshCollisionShape.java,/home/mmm/Projects/jmonkeyengine/jme3-bullet-native/src/native/cpp/com_jme3_bullet_collision_shapes_MeshCollisionShape.cpp
