CatalystInstanceImpl.h,ReactCallback.java
CatalystInstanceImpl.h,CatalystInstanceImpl.java
CxxModuleWrapper.h,CxxModuleWrapper.java
CxxModuleWrapperBase.h,NativeModule.java
CxxModuleWrapperBase.h,CxxModuleWrapperBase.java
JavaModuleWrapper.h,JavaModuleWrapper.java
JavaScriptExecutorHolder.h,JavaScriptExecutor.java
JCallback.h,Callback.java
JCallback.h,CxxCallbackImpl.java
JInspector.h,Inspector.java
JMessageQueueThread.cpp,JSException.java
JMessageQueueThread.h,MessageQueueThread.java
JNativeRunnable.h,NativeRunnable.java
JreactMarker.h,ReactMarker.java
JSLoader.h,AssetManager.java
MethodInvoker.cpp,PromiseImpl.java
MethodInvoker.h,Method.java
MethodInvoker.h,BaseJavaModule.java
ModuleRegistryBuilder.h,ModuleHolder.java
NativeArray.h,NativeArray.java
NativeCommon.cpp,UnexpectedNativeTypeException.java
NativeCommon.h,ReadableType.java
NativeCommon.h,ObjectAlreadyConsumedException.java
NativeMap.h,NativeMap.java
OnLoad.cpp,JavaJSExecutor.java
OnLoad.cpp,ProxyJavaScriptExecutor.java
ProxyExecutor.cpp,JavaJSExecutor.java
ReadableNativeArray.h,ReadableArray.java
ReadableNativeArray.h,ReadableNativeArray.java
ReadableNativeMap.h,ReadableMap.java
ReadableNativeMap.h,ReadableNativeMap.java
WritableNativeArray.h,WritableArray.java
WritableNativeArray.h,WritableNativeArray.java
WritableNativeMap.h,WritableMap.java
WritableNativeMap.h,WritableNativeMap.java
NativeRunnable.h,NativeRunnableDeprecated.java
JnativeRunnable.h,NativeRunnableDeprecated.java
OnLoad.cpp,CatalystBridgeBenchmarks.java
