NativeRunnable.h,Runnable.java
NativeRunnable.h,NativeRunnable.java
File.h,File.java
JWeakReference.h,WeakReference.java
TurboModuleManager.h,TurboModuleManager.java
NativeArray.h,NativeArray.java
ModuleRegistryBuilder.h,ModuleHolder.java
ReadableNativeMap.h,ReadableMap.java
ReadableNativeMap.h,ReadableNativeMap.java
StateWrapperImpl.h,StateWrapperImpl.java
CxxModuleWrapper.h,CxxModuleWrapper.java
ReadableByteChannel.h,ReadableByteChannel.java
Boxed.h,Void.java
JCallback.h,Callback.java
JCallback.h,CxxCallbackImpl.java
EventBeatManager.h,EventBeatManager.java
MethodInvoker.h,Method.java
MethodInvoker.h,BaseJavaModule.java
JavaTurboModule.h,TurboModule.java
ComponentFactoryDelegate.h,ComponentFactoryDelegate.java
CoreClasses.h,Object.java
CoreClasses.h,Class.java
CoreClasses.h,String.java
CoreClasses.h,StackTraceElement.java
CoreClasses.h,Throwable.java
Iterator-inl.h,IteratorHelper.java
Iterator-inl.h,MapIteratorHelper.java
WritableNativeMap.h,WritableMap.java
WritableNativeMap.h,WritableNativeMap.java
JavaModuleWrapper.h,JavaModuleWrapper$MethodDescriptor.java
JavaModuleWrapper.h,JavaModuleWrapper.java
TurboModuleManagerDelegate.h,TurboModuleManagerDelegate.java
ReadableNativeArray.h,ReadableArray.java
ReadableNativeArray.h,ReadableNativeArray.java
HermesMemoryDumper.h,HermesMemoryDumper.java
NativeMap.h,NativeMap.java
ByteBuffer.h,Buffer.java
ByteBuffer.h,ByteBuffer.java
CallInvokerHolder.h,CallInvokerHolderImpl.java
JavaScriptExecutorHolder.h,JavaScriptExecutor.java
JInspector.h,Inspector.java
JMessageQueueThread.h,MessageQueueThread.java
Iterator.h,Iterator.java
Iterator.h,Collection.java
Iterator.h,List.java
Iterator.h,Set.java
Iterator.h,Map.java
Hybrid.h,HybridData.java
Hybrid.h,HybridClassBase.java
NativeCommon.h,ReadableType.java
JSLoader.h,AssetManager.java
NodeStateWrapper.h,NodeStateWrapper.java
JNativeRunnable.h,Runnable.java
JNativeRunnable.h,NativeRunnable.java
Context.h,Context.java
JThread.h,Thread.java
WritableNativeArray.h,WritableArray.java
WritableNativeArray.h,WritableNativeArray.java
CxxModuleWrapperBase.h,NativeModule.java
CxxModuleWrapperBase.h,CxxModuleWrapperBase.java
CatalystInstanceImpl.h,ReactCallback.java
CatalystInstanceImpl.h,CatalystInstanceImpl.java
JReactMarker.h,ReactMarker.java
EventEmitterWrapper.h,EventEmitterWrapper.java
HermesSamplingProfiler.h,HermesSamplingProfiler.java
