"AndroidTextInput: support proper measuring of AndroidTextInput text, and displaying attributed strings

Summary:
Use a similar setup as Paragraph, and support in Fabric:

- Correct measuring of AndroidTextInput
- Correct display of AndroidTextInput attributed strings

Changelog: [Internal]

Reviewed By: mdvacca

Differential Revision: D18669957

fbshipit-source-id: 84e0ad8021c9edf8219e0c673c781276ca29787d"
"Add C++ AndroidTextInput component for backwards-compatible Fabric support of TextInput on Android

Summary: Support existing, backwards-compatible AndroidTextInput component for minimal support of TextInput on Android.

Reviewed By: shergin, mdvacca

Differential Revision: D17086758

fbshipit-source-id: 25726f22229e0d5dfe96eb36b386a5317601283d"
"AndroidTextInput: support using commands instead of setNativeProps (native change)

Summary:
In AndroidTextInput, support codegen'd ViewCommands in native and add three commands that will eventually replace usage of setNativeProps on Android.

TextInput will use these commands in a future diff.

Changelog: [Internal]

Reviewed By: TheSavior

Differential Revision: D18612150

fbshipit-source-id: 5d427040686e8c5ab504dd845bc8ef863f558c35"
"Add Hermes support to React Native on Android (#25613)

Summary:
Yesterday we shipped hermesengine.dev as part of the current 0.60 release. This PR brings those changes to master.

## Changelog

[General] [Added] - Added support for Hermes
Pull Request resolved: https://github.com/facebook/react-native/pull/25613

Test Plan:
* CI is green both on GitHub and at FB
* Creating a new app from source can use Hermes on Android

Reviewed By: cpojer

Differential Revision: D16221777

Pulled By: willholen

fbshipit-source-id: aa6be10537863039cb666292465ba2e1d44b64ef"
"Fabric: Use state in Paragraph component

Summary:
All props to Eric Lewis! cc ericlewis

This revert of revert of land of changes originally published in #24873 (with some slight fixes). The change removes usage of LocalData from the `<Text>` component.

After this change we only have ---one (maybe two)--- three components left using LocalData.

Reviewed By: mdvacca

Differential Revision: D15962376

fbshipit-source-id: 19f41109ce9d71ce30d618a45eb2b547a11f29a2"
"New Accessibility states API. (#24608)

Summary:
As currently defined, accessibilityStates is an array of strings, which represents the state of an object. The array of strings notion doesn't well encapsulate how various states are related, nor enforce any level of correctness.

This PR converts accessibilityStates to an object with a specific definition. So, rather than:

<View
...
accessibilityStates={['unchecked']}>

We have:

<View
accessibilityStates={{'checked': false}}>

And specifically define the checked state to either take a boolean or the ""mixed"" string (to represent mixed checkboxes).

We feel this API is easier to understand an implement, and provides better semantic definition of the states themselves, and how states are related to one another.

## Changelog

[general] [change] - Convert accessibilityStates to an object instead of an array of strings.
Pull Request resolved: https://github.com/facebook/react-native/pull/24608

Differential Revision: D15467980

Pulled By: cpojer

fbshipit-source-id: f0414c0ef6add3f10f7f551d323d82d978754278"
"Add hitSlop prop on iOS and Android

Summary:New prop `hitSlop` allows extending the touch area of Touchable components. This makes it easier to touch small buttons without needing to change your styles.

It takes `top`, `bottom`, `left`, and `right` same as the `pressRetentionOffset` prop. When a touch is moved, `hitSlop` is combined with `pressRetentionOffset` to determine how far the touch can move off the button before deactivating the button.

On Android I had to add a new file `ids.xml` to generate a unique ID to use for the tag where I store the `hitSlop` state. The iOS side is more straightforward.

terribleben worked on the iOS and JS parts of this diff.

Fixes #110
Closes https://github.com/facebook/react-native/pull/5720

Differential Revision: D2941671

Pulled By: androidtrunkagent

fb-gh-sync-id: 07e3eb8b6a36eebf76968fdaac3c6ac335603194
shipit-source-id: 07e3eb8b6a36eebf76968fdaac3c6ac335603194"
"Add feature to use percentage as value unit

Summary:
Adds the feature to use percentage as a value unit.

You can use the function ```YGPx(float)``` and ```YGPercent(float)``` for convenience.

I did some benchmarks:

```
Without Percentage Feature - Release x86:

Stack with flex: median: 0.000000 ms, stddev: 0.146683 ms
Align stretch in undefined axis: median: 0.000000 ms, stddev: 0.136525 ms
Nested flex: median: 0.000000 ms, stddev: 0.490101 ms
Huge nested layout: median: 23.000000 ms, stddev: 0.928291 ms

Stack with flex: median: 0.000000 ms, stddev: 0.170587 ms
Align stretch in undefined axis: median: 0.000000 ms, stddev: 0.143384 ms
Nested flex: median: 0.000000 ms, stddev: 0.477791 ms
Huge nested layout: median: 22.000000 ms, stddev: 2.129779 ms

With Percentage Feature - Release x86:

Stack with flex: median: 0.000000 ms, stddev: 0.132951 ms
Align stretch in undefined axis: median: 0.000000 ms, stddev: 0.136525 ms
Nested flex: median: 0.000000 ms, stddev: 0.489570 ms
Huge nested layout: median: 21.000000 ms, stddev: 1.390476 ms
Closes https://github.com/facebook/yoga/pull/258

Reviewed By: dshahidehpour

Differential Revision: D4361945

Pulled By: emilsjolander

fbshipit-source-id: a8f5bc63ad352eb9410d792729e56664468cd76a"
"Rename YogaNode.parent -> YogaNode.owner

Reviewed By: priteshrnandgaonkar

Differential Revision: D7352778

fbshipit-source-id: dcf1af5e72bfc3063b5c4bda197d7952a9194768"
"Update hermes-engine to newest version 0.3.0

Summary:
Changelog:

[Android] [Changed] - Update hermes-engine to newest version 0.3.0

Reviewed By: cpojer

Differential Revision: D18364012

fbshipit-source-id: 819f7f7980f4bc965c8875eef70ee0108882f922"
"Rename JSCallInvoker{,Holder} to CallInvoker{,Holder}

Summary:
## Motivation
The concept behind JSCallInvoker doesn't necessarily have to apply only to the JS thread. On Android, we need to re-use this abstraction to allow execution of async method calls on the NativeModules thread.

Reviewed By: PeteTheHeat

Differential Revision: D17377313

fbshipit-source-id: 3d9075cbfce0b908d800a366947cfd16a3013d1c"
"Change EventBeatManager and AsyncEventBeat to use RuntimeExecutor

Summary:
Right now we have a raw pointer to the js runtime in Java and we pass that to EventBeatManager's constructor; this diff adds a setter for the runtime ptr and removes it from the member initializer list, so that you can set it later from cpp instead.

Q: Should I just rewrite this to use RuntimeExecutor instead?

Reviewed By: shergin

Differential Revision: D14318893

fbshipit-source-id: 1221dd5959927967bad870f15c901c15e5455874"
"Open source Fabric android

Summary: This diff open sources Fabric Android implementation and it extracts ComponentDescriptorFactory into a function that can be ""injected"" per application

Reviewed By: shergin

Differential Revision: D13616172

fbshipit-source-id: 7b7a6461216740b5a1ad5ebbead9e37de4570221"
"Make RCTDevMenu and RCTDevSettings TurboModule-compatible

Summary:
Changelog:
[iOS][Added] - Make RCTDevMenu and RCTDevSettings TurboModule-compatible

Reviewed By: shergin

Differential Revision: D18148890

fbshipit-source-id: bd4f0b2797e299cd963e34fa47044a9e1232efe0"
"Always pass props and state to Create mount item

Summary: For Litho interop and to resolve T47926405, always pass props and state to Create mount item so that any ViewManager can create view instances with knowledge of initial props and state.

Reviewed By: mdvacca

Differential Revision: D16554082

fbshipit-source-id: 3b19a43347b0fa201a054eec60e82fb77cad3625"
"Split NativeStatusBarManager into NativeStatusBarManager{Android,IOS}

Summary:
The `StatusBarManager` NativeModule does not have a uniform API on iOS and Android. In particular, the `setStyle` and the `setHidden` methods have an additional parameter on iOS:

```
/**
 *  - statusBarStyles can be:
 *    - 'default'
 *    - 'dark-content'
 *    - 'light-content'
 */
+setStyle: (statusBarStyle?: ?string, animated: boolean) => void;
/**
 *  - withAnimation can be: 'none' | 'fade' | 'slide'
 */
+setHidden: (hidden: boolean, withAnimation: string) => void;
```

If we keep the NativeModule spec the same between the two platforms, we'd have to keep the second parameter optional for both methods. This works for `setHidden`, because the second parameter is a string, and optional strings are allowed. However, for `setStyle`, the second parameter is a number, and we don't support optional numbers/booleans on Android in the NativeModule system. If we keep the optional number, then the following check triggers in our RedBox tests on iOS, which makes them fail: https://fburl.com/diffusion/b7adezd9.

So, since the two specs are sufficiently different, I figured that the easiest path forward is to split them apart.

Changelog:
[iOS][Changed] - Separated NativeStatusBarManager into NativeStatusBarManager{IOS,Android}

Reviewed By: PeteTheHeat

Differential Revision: D18214161

fbshipit-source-id: 6fd8b8c5f576244b5b90ee47faa7f50508c5e1d3"
"Android plumbing for State and LocalData update mount items

Summary: Android plumbing for State and LocalData update mount items. See other commits in stack for usage

Reviewed By: mdvacca

Differential Revision: D14663522

fbshipit-source-id: 5604a6a9af292805e9ce46c68e5ce7472eef0218"
"Attempt to collate Remove/Delete mounting items

Summary:
Collapse many Remove/Delete mount items into a single batched item.

Since a delete is always preceded by a remove mountitem, we can batch these into one instruction. Since deletes tend to come in large blocks, it might make sense to batch many into a single instruction.

Reviewed By: mdvacca

Differential Revision: D17254631

fbshipit-source-id: abfd54cdb0bbb9a4c0880ec8e8bbd681367aecd4"
"Introduce NativeExceptionsManager.reportException API

Summary:
@public

`reportException` is a new method on `NativeExceptionsManager` that is designed to allow more structured and flexible JS error reporting. `reportFatalException` and `reportSoftException` are now deprecated.

In addition to all the usual exception fields, `reportException` also accepts an `extraData` property which the JS exception handler can populate with arbitrary JSON-serialisable data (here: the raw stack trace, the current JS engine, and the number of frames popped off the call stack by the exception handler). The contents of `extraData` get attached as JSON to the `JavascriptException` instance (or just logged, in the case of `console.error`).

This change is backwards compatible in two senses:
1. We have a JS fallback that uses `reportFatalException` and `reportSoftException` if the new native method is unavailable.
2. We have a Java fallback that implements `reportFatalException` and `reportSoftException` in terms of `reportException`.

Naturally, both fallbacks mentioned above discard `extraData`.

NOTE: The current implementation is Android-only; for the time being, iOS will continue to use the JS fallback.

While we're in `ExceptionsManager.js`, this also changes `dismissRedbox()` to be optional (which it is, since it's Android-only); existing call sites already guard it with a null check so this requires no other changes.

Reviewed By: mmmulani

Differential Revision: D16133080

fbshipit-source-id: d0b209d58da40b736df63155bbea232e94ce635c"
"Implement Local Data in Android Fabric C++

Summary: This diff introduces the concept of Local Data in Android Fabric C++ and as an example we uses it to implement Text View.

Reviewed By: shergin

Differential Revision: D9583970

fbshipit-source-id: ab7478b16ef4327ff574ca1467870ab9cb684ea0"
"Introduce `DeviceInfo` as a new native module

Summary:
The `UIManager` already has a lot of responsibilities and is deeply
tied with React Native's view architecture. This diff separates out a
`DeviceInfo` native module to provide information about screen dimensions and
font scale, etc.

Reviewed By: fkgozali

Differential Revision: D4713834

fbshipit-source-id: f2ee93acf876a4221c29a8c731f5abeffbb97974"
"Expose LayoutDirection to Fabric android

Summary: This diff exposes LayoutDirection as part of UpdateLayoutMountItem

Reviewed By: JoshuaGross

Differential Revision: D16060521

fbshipit-source-id: 163bf2a0bdca62dcecb03a8aaa2f4bf595b18c8f"
"Move calculate layout method to vanilla JNI

Summary: Using vanilla JNI for calculate layout

Reviewed By: amir-shalem

Differential Revision: D17714219

fbshipit-source-id: bb05de4a0112eefc2b731997a4c1ecef5c0c7361"
"Add support to measure shadow nodes in the FabricUIManager

Summary: In this diff I added support to be able to measure C++ shadowNode in Android. As an example I implemented the measurement of TextViews

Reviewed By: shergin

Differential Revision: D9583972

fbshipit-source-id: 1344782d4c586c94a4576b18a4acfa4775e46952"
"Report Java stack from errors from sync native module calls

Reviewed By: mhorowitz

Differential Revision: D5069794

fbshipit-source-id: ede314034a2eb6b063a22dbd6e5d13c8ad66e20c"
"Additional Accessibility Roles and States (#24095)

Summary:
Assistive technologies use the accessibility role of a component to tell the disabled user what the component is, and provide hints about how to use it. Many important roles do not have analog AccessibilityTraits on iOS. This PR adds many critical roles, such as editabletext, checkbox, menu, and switch to name a few.

Accessibility states are used to convey the current state of a component. This PR adds several critical states such as checked, unchecked, on and off.

[general] [change] - Adds critical accessibility roles and states.
Pull Request resolved: https://github.com/facebook/react-native/pull/24095

Differential Revision: D15079245

Pulled By: cpojer

fbshipit-source-id: 941b30eb8f5d565597e5ea3a04687d9809cbe372"
"Deleting Optimized Bundle!

Reviewed By: javache

Differential Revision: D4566164

fbshipit-source-id: 1fbd3dd04f24399e93e3c6ec58956e6e18f1683f"
"move measure and baseline methods

Summary: Measure and baseline callbacks moved to vanilla JNI

Reviewed By: amir-shalem

Differential Revision: D17714334

fbshipit-source-id: dafbde36984aba948a6345a21d3808a6ef4013e8"
"Rename I18nManager Left/Right swap methods

Reviewed By: fkgozali

Differential Revision: D6140072

fbshipit-source-id: 282dc614c036de8f217a729f21a1bbe92b8afd7d"
"Integrate AndroidSwitch into Fabric on Android

Summary:
In this diff we integrate the Switch component on Android in Fabric. Since the component has a custom measure function, we need to write some C++ to call the measure method in Java.

The component isn't fully functional yet (setNativeProps isn't supported in Fabric) and has some problems with measuring itself. I will fix the component in the next diffs in this stack.

Reviewed By: JoshuaGross

Differential Revision: D17571258

fbshipit-source-id: be4e201495b9b197ddec44ee3484357bfb6225a8"
"Enable Slider component

Summary:
Enable Slider component in Fabric on Android.

{F151706188}

Reviewed By: mdvacca

Differential Revision: D14220147

fbshipit-source-id: 10b29112e950c8de98cba995839780c4f4e8d3b6"
"Support for UpdatePaddingMountItem

Summary: Some views (TextInput!) need padding props.

Reviewed By: mdvacca

Differential Revision: D17081799

fbshipit-source-id: 4f5d6a139bb4dd878f90af0ed4a30fe3810e3429"
"Delete jsi::Functions before jsi::Runtime gets deleted

Summary:
## The Problem
1. `CatalystInstanceImpl` indirectly holds on to the `jsi::Runtime`. When you destroy `CatalystInstanceImpl`, you destroy the `jsi::Runtime`. As a part of reloading React Native, we destroy and re-create `CatalystInstanceImpl`, which destroys and re-creates the `jsi::Runtime`.
2. When JS passes in a callback to a TurboModule method, we take that callback (a `jsi::Function`) and wrap it in a Java `Callback` (implemented by `JCxxCallbackImpl`). This Java `Callback`, when executed, schedules the `jsi::Function` to be invoked on a Java thread at a later point in time. **Note:** The Java NativeModule can hold on to the Java `Callback` (and, by transitivity, the `jsi::Function`) for potentially forever.
3. It is a requirement of `jsi::Runtime` that all objects associated with the Runtime (ex: `jsi::Function`) must be destroyed before the Runtime itself is destroyed. See: https://fburl.com/m3mqk6wt

### jsi.h
```
/// .................................................... In addition, to
/// make shutdown safe, destruction of objects associated with the Runtime
/// must be destroyed before the Runtime is destroyed, or from the
/// destructor of a managed HostObject or HostFunction.  Informally, this
/// means that the main source of unsafe behavior is to hold a jsi object
/// in a non-Runtime-managed object, and not clean it up before the Runtime
/// is shut down.  If your lifecycle is such that avoiding this is hard,
/// you will probably need to do use your own locks.
class Runtime {
 public:
  virtual ~Runtime();
```

Therefore, when you delete `CatalystInstanceImpl`, you could end up with a situation where the `jsi::Runtime` is destroyed before all `jsi::Function`s are destroyed. In dev, this leads the program to crash when you reload the app after having used a TurboModule method that uses callbacks.

## The Solution
If the only reference to a `HostObject` or a `HostFunction` is in the JS Heap, then the `HostObject` and `HostFunction` destructors can destroy JSI objects. The TurboModule cache is the only thing, aside from the JS Heap, that holds a reference to all C++ TurboModules. But that cache (and the entire native side of `TurboModuleManager`) is destroyed when we call `mHybridData.resetNative()` in `TurboModuleManager.onCatalystInstanceDestroy()` in D16552730. (I verified this by commenting out `mHybridData.resetNative()` and placing a breakpoint in the destructor of `JavaTurboModule`). So, when we're cleaning up `TurboModuleManager`, the only reference to a Java TurboModule is the JS Heap. Therefore, it's safe and correct for us to destroy all `jsi::Function`s created by the Java TurboModule in `~JavaTurboModule`. So, in this diff, I keep a set of all `CallbackWrappers`, and explicitly call `destroy()` on them in the `JavaTurboModule` destructor. Note that since `~JavaTurboModule` accesses `callbackWrappers_`, it must be executed on the JS Thread, since `createJavaCallbackFromJSIFunction` also accesses `callbackWrappers_` on the JS Thread.

For additional safety, I also eagerly destroyed the `jsi::Function` after it's been invoked once. I'm not yet sure if we only want JS callbacks to only ever be invoked once. So, I've created a Task to document this work: T48128233.

Reviewed By: mdvacca

Differential Revision: D16623340

fbshipit-source-id: 3a4c3efc70b9b3c8d329f19fdf4b4423c489695b"
"Move Android TurboModules to github

Summary:
This commit moves all the turbo module files for Android to Github.

Note that gradle build is not yet enabled.
Sample Turbo Modules will be added in a later commit.

Other missing features

- Support for `CxxModule`
- Remove usage of folly::dynamic for arguments and result conversion
- Support for Promise return types.

Reviewed By: mdvacca

Differential Revision: D13647438

fbshipit-source-id: 5f1188556d6c64bfa2b2fd2146ac72b0fb456891"
"Move YGLogger into YGConfig and associate YGNodeRef with log events

Summary:
Moves the `YGLogger` into `YGConfig` and pass the `YGNodeRef` into the logger to be able to associate the log messages and assertions with the specific node.

Tackles facebook/yoga#530 and facebook/yoga#446
Closes https://github.com/facebook/yoga/pull/531

Reviewed By: astreet

Differential Revision: D4970149

Pulled By: emilsjolander

fbshipit-source-id: b7fcdaa273143ea2fa35861620b2e4d79f04f0af"
"Add performance counters for Fabric

Summary:
This diff adds performance loggers for Fabric in Android to be able to compare current version or RN with Fabric

This is the summary of Points and Annotations:

- **UIManager_CommitStart**: time that React starts the commit (react tree is ready to start rendering in native)
- **UIManager_LayoutTime**: this is the time it takes to calculate layout in yoga
- **UIManager_FabricFinishTransactionTime**: Time it takes transform ""C++ mutationInstructions"" into ""Java MountItems"" and cross boundaries from C++ to Java (including serialization of data) (THIS IS ONLY FABRIC)
- **UIManager_DispatchViewUpdates**: time right before RN moves the mount operations to the Queue that is going to be processed in the next tick UI thread
- **UIManager_BatchRunStart**: time right before the mountItems are going to be process in the UI Thread
- **UIManager_BatchedExecutionTime**: time it took to run batched mountItems (usually layout and prop updates on views)
- **UIManager_NonBatchedExecutionTime**: time it took to run non-batched mountItems (usually creation of views)

Reviewed By: fkgozali

Differential Revision: D13838337

fbshipit-source-id: 0a707619829e7d95ce94d9305ff434d1224afc46"
"Support MobileConfig in Fabric Core C++ in FB4A and Catalyst

Summary:
MobileConfig should be wrapped and presented as a ReactNativeConfig object so that core Fabric C++ code can use it.

This is just a noop plumbing diff. Real support will be added in follow-on diff.

Reviewed By: fkgozali

Differential Revision: D13985466

fbshipit-source-id: a2ac2175688e855eda3b89aa69faf07749c6bd31"
"Re-license and rename UIExplorer integration test app as RNTester

Reviewed By: yungsters

Differential Revision: D4950085

fbshipit-source-id: 44574b5d0ef0d2ad5dfc714309b18dc69cbad9ff"
"Remove deprecated accessibilityStates property. (#26168)

Summary:
We added the accessibilityState property as a more semantically rich way for components to describe information about their state to accessibility services. This PR removes the old accessibilityStates property.

 <!-- Explain the **motivation** for making this change. What existing problem does the pull request solve? -->

## Changelog

[General] [Change] - Remove accessibilityStates property.
Pull Request resolved: https://github.com/facebook/react-native/pull/26168

Test Plan: Ensure that RNTester accessibility examples function properly on both iOS and Android.

Differential Revision: D17152891

Pulled By: cpojer

fbshipit-source-id: d71d3cf0f2e0846979d2ba104b6c69e4e5725252"
"Extended Accessibility Actions Support (#24695)

Summary:
This is a reconstitution of #24190. It extends accessibility actions to include both a name and user facing label. These extensions support both standard and custom actions.

We've also added actions support on Android, and added examples to RNTester showing how both standard and custom accessibility actions are used.

## Changelog

[general] [changed] - Enhanced accessibility actions support
Pull Request resolved: https://github.com/facebook/react-native/pull/24695

Differential Revision: D15391408

Pulled By: cpojer

fbshipit-source-id: 5ed48004d46d9887da53baea7fdcd0e7e15c5739"
"- Add support for ""reduce motion"" into AccessibilityInfo (#23839)

Summary:
This PR adds `isReduceMotionEnabled()` to `AccessibilityInfo` in other to add support for ""reduce motion"", exposing the Operational System's settings option. Additionally, it adds a new event, `reduceMotionChanged`, in order to listen for this flag's update.

With this feature, developers will be able to disable or reduce animations, _**something that will be required as soon as WCAG 2.1 draft got approved**._ See [WCAG 2.1 â€” 2.3.3 Animations from Interaction criteria](https://knowbility.org/blog/2018/WCAG21-233Animations/)

It's exposed by [`UIAccessibility`' isReduceMotionEnabled ](https://developer.apple.com/documentation/uikit/uiaccessibility/1615133-isreducemotionenabled
) on iOS and [Settings.Global.TRANSITION_ANIMATION_SCALE](https://developer.android.com/reference/android/provider/Settings.Global#TRANSITION_ANIMATION_SCALE) on Android.

Up until now, `AccessibilityInfo` only exposes screen reader flag. By adding this second accessibility option, it's a good opportunity to rename `fetch` method to an appropriate name, `isScreenReaderEnabled`, as well as rename `change` event to `screenReaderChanged`, which will make it clearer and more specific.

(In case it's approved, a follow-up PR could exposes [more iOS acessibility flags](https://developer.apple.com/documentation/uikit/uiaccessibility), such as `isShakeToUndoEnabled`, `isReduceTransparencyEnabled`, `isGrayscaleEnabled`, `isInvertColorsEnabled`)

(iOS code inspired by [phonegap-mobile-accessibility](https://github.com/phonegap/phonegap-mobile-accessibility). And Android by [Flutter](https://github.com/flutter/engine/blob/master/shell/platform/android/io/flutter/view/AccessibilityBridge.java
))
Pull Request resolved: https://github.com/facebook/react-native/pull/23839

Differential Revision: D14406227

Pulled By: hramos

fbshipit-source-id: adf43be84c488522bf1e29d862681220ad193883"
"Fix typos (#25770)

Summary:
Fix typos mostly in comments and some string literals.

## Changelog

[General] [Fixed] - Fix typos
Pull Request resolved: https://github.com/facebook/react-native/pull/25770

Differential Revision: D16437857

Pulled By: cpojer

fbshipit-source-id: ffeb4d6b175e341381352091134f7c97d78c679f"
"Move HermesSamplingProfiler to OSS

Reviewed By: willholen

Differential Revision: D16069575

fbshipit-source-id: a67d19be8790a27e6b3fbd2da0d5c9fdd1e9d53a"
"Support ModuleHolder-based lazy init of C++ modules with C++ bridge on android

Reviewed By: AaaChiuuu

Differential Revision: D4614479

fbshipit-source-id: 109ac34b8688f0113675e4a4479d1ddcc6169ed4"
"timer markings from JS JNI

Differential Revision: D2545138

fb-gh-sync-id: f93670ad929dbe37d641968e506108c6aac0cac2"
"Granularly track perf of Fabric

Summary: Enable granular perf measurements under Fabric.

Reviewed By: mdvacca

Differential Revision: D16021797

fbshipit-source-id: c25a8f7cebf53abfcfc39c8f6d50900813214abb"
"Revert D16589168: [RN][TurboModule] Delete jsi::Functions before jsi::Runtime gets deleted

Differential Revision:
D16589168

Original commit changeset: a1c0786999c2

fbshipit-source-id: 8048d62e958c0b58aface00dae8447b8c2d5d2dc"
"Native Modules -> Native Extensions

Reviewed By: danzimm

Differential Revision: D6887988

fbshipit-source-id: 475c05f60a2e1ddcfaa9263ab363bff8a528236a"
"Create binding for unmountComponentAtNode in bridgeless mode

Summary: Right now we register ReactFabric as a callable module with the bridge so that we can call `ReactFabric.unmountComponentAtNode` in `ReactInstanceManager.detachViewFromInstance`. In bridgeless mode we don't have callable modules, so I'm just setting a global variable that can be called from C++ instead. Using this in a new `unmount` method in FabricUIManager.

Reviewed By: shergin, mdvacca

Differential Revision: D16273720

fbshipit-source-id: 95edb16da6566113a58babda3ebdf0fc4e39f8b0"
"- Fix mounting of views when a re-order happen caused by changes in viewflattening

Summary:
This diff fixes a bug that is reproducible when a view is reordered in a different level of hierarchy in the react tree.
Even if this is not supported by react, this can still happen because of viewFlattening.

Reviewed By: shergin

Differential Revision: D14817452

fbshipit-source-id: 13425b0e6a280affe681e80b4a6daa17ee56251a"
"ReadableNativeMap -> ReadableMap

Summary:
This diff refactors JNI methods used by the Binding.cpp class in order to use ReadableMap instead of ReadableNativeMap
This will be helpful to provide a different implementation of ReadableMap from C++

Reviewed By: shergin

Differential Revision: D14077762

fbshipit-source-id: 595b0c2d3a2d6070112257b65c1141a8af36f0e1"
"Pass layout constraints in to startSurface()

Summary: Scheduler.startSurface accepts LayoutConstraints and LayoutContext, but for some reason we don't use these on Android. This diff adds new methods to Binding and FabricUIManager to start a surface with the provided measurespecs. I created new methods to avoid affecting the functionality of any surfaces already using Fabric, but if we want this behavior everywhere then I can just add it to the existing `addRootView` and `startSurface`.

Reviewed By: JoshuaGross, shergin

Differential Revision: D15810990

fbshipit-source-id: 6cd9a58b125461f91253458905405298cfb723ce"
"Release underlying resources when JS instance is GC'ed on Android

Summary:
[Android] [Added] - Release underlying resources when JS instance is GC'ed on Android

D15279651 introduced a crash for Oculus Twilight on Android (T45199437), so it was reverted by D15611385.

This diff fixes the crash and re-applies D15279651. The problem was that ProGuard renamed BlobModule.remove() to BlobModule.release(), but the C++ code in `BlobCollector.cpp` still expected the old name. I confirmed this by looking at the Extracted Symbols file for the build which introduces the crash (https://fburl.com/mobile/ud40od3i):

```
com.facebook.react.modules.blob.BlobModule -> com.facebook.react.modules.blob.BlobModule:
...
8190:8193:void remove(java.lang.String):190:193 -> release
...
```

See the full log file here: https://fburl.com/pn02bwkb.

The solution is to annotate the method with `DoNotStrip` so that ProGuard doesn't rename it.

Reviewed By: mdvacca, cpojer

Differential Revision: D15826082

fbshipit-source-id: f7470d394666cd34c1acae5c6ffaecc84d5ca5a3"
"Back out ""[react-native][PR] [Blob] Release underlying resources when JS instance is GC'ed on Android""

Summary: Testing if reverting this fixes the android instacrash. Original commit changeset: 2bbdc4bbcbea

Reviewed By: cpojer

Differential Revision: D15611385

fbshipit-source-id: 396fc0698e1056c93dbb154f95c8cc13924d5495"
"Use startSurface on Android

Summary:
We currently have two different codepaths for actually rendering a surface with Fabric on iOS and Android: on iOS we use Fabric's `UIManagerBinding.startSurface` to call `AppRegistry.runApplication`, but on Android we don't; instead we use the same codepath as paper, calling `ReactRootView.runApplication`.

This diff does a few different things:
1. Unify iOS and Android by removing the `#ifndef` for Android so that we call `startSurface` for both
2. Pass through the JS module name on Android so that this actually works (it currently passes in an empty string)
3. Remove the call to `ReactRootView.runApplication` for Fabric so that we don't end up doing this twice
4. Copy over some logic that we need from `ReactRootView.runApplication` (make sure that root layout specs get updated, and that content appeared gets logged)

Reviewed By: mdvacca

Differential Revision: D15501666

fbshipit-source-id: 5c96c8cf036261cb99729b1dbdff0f7c09a32d76"
"Refactor RootTag -> surfaceId

Summary:
Quick diff to refactor RootTag for surfaceId in Binding.cpp class
This is the first diff to start moving away from rootTag naming in Fabric

Reviewed By: JoshuaGross

Differential Revision: D15421770

fbshipit-source-id: 7bca7782f96be3d7148ee93f5d5a3a54e0d768dd"
"Pull an updated version of fbjni into RN OSS

Differential Revision: D3521227

fbshipit-source-id: 57db97ea2af2b2c9e55f380ce05d9e78a5f9d48c"
"Add JSI-based JSExecutor for the bridge

Summary:
This is similar in function to the old JSCExecutor, but uses the more abstract JSI API to interact with the JSVM.
@public

Reviewed By: axe-fb

Differential Revision: D9328241

fbshipit-source-id: 3212ff4f43d0589a70d7bebc4d463d4433590f1d"
"Release underlying resources when JS instance is GC'ed on Android (#24767)

Summary:
Android followup for #24745. This adds a jsi object that removes blobs when it is gc'ed. We don't have many modules with native code on Android so I've added the native code directly in the blob package as a separate .so. I used a similar structure as the turbomodule package.

## Changelog

[Android] [Fixed] - [Blob] Release underlying resources when JS instance is GC'ed on Android
Pull Request resolved: https://github.com/facebook/react-native/pull/24767

Differential Revision: D15279651

Pulled By: cpojer

fbshipit-source-id: 2bbdc4bbcbeae8945588ac5e3e895c49e6ac9e1a"
"Added method handler for Sampling Profiler that uses only JSCcontext and JSC API

Reviewed By: cwdick

Differential Revision: D4689688

fbshipit-source-id: d1f9df0b3dcb21420cf813888c19f2d9a9aa5646"
"Check PATENTS does not creep into files

Summary:
Some files have crept into the repo with the old license header. These are usually from PRs that were opened prior to the re-licensing of the project.

Let the script run, prior to fixing the errant files. The script outputs the following:

```
PATENTS crept into some new files?
 --- /dev/fd/63	2018-03-01 01:42:48.250153746 +0000
+++ /dev/fd/62	2018-03-01 01:42:48.250153746 +0000
@@ -1 +1,9 @@
+Libraries/NativeAnimation/Nodes/RCTTrackingAnimatedNode.h
+Libraries/NativeAnimation/Nodes/RCTTrackingAnimatedNode.m
+ReactAndroid/src/main/java/com/facebook/react/animated/TrackingAnimatedNode.java
+ReactAndroid/src/main/java/com/facebook/react/views/text/CustomLetterSpacingSpan.java
+ReactCommon/yoga/yoga/YGLayout.cpp
+ReactCommon/yoga/yoga/YGLayout.h
+ReactCommon/yoga/yoga/YGStyle.cpp
+ReactCommon/yoga/yoga/YGStyle.h
 scripts/circleci/check_license.sh
Exited with code 1
```

Fix the headers in these files and run the script again. No output, exit code 0.
Closes https://github.com/facebook/react-native/pull/18143

Reviewed By: sophiebits

Differential Revision: D7119356

Pulled By: hramos

fbshipit-source-id: d238e4d4a3ae320a2c8e625c2fa29690057a4814"
"Back out Stack D13119110..D13236159

Summary: backout, causes failures

Reviewed By: adityasharat

Differential Revision: D13376210

fbshipit-source-id: 1fa8823f2dce601c47738f34ddb2674288197e79"
"Make async calls work

Summary:
JSCallInvoker requires a `std::weak_ptr<Instance>` to create. In our C++, `CatalystInstance` is responsible for creating this `Instance` object. This `CatalystInstance` C++ initialization is separate from the `TurboModuleManager` C++ initialization. Therefore, in this diff, I made `CatalystInstance` responsible for creating the `JSCallInvoker`. It then exposes the `JSCallInvoker` using a hybrid class called `JSCallInvokerHolder`, which contains a `std::shared_ptr<JSCallInvoker>` member variable. Using `CatalystInstance.getJSCallInvokerHolder()` in TurboModuleManager.java, we get a handle to this hybrid container. Then, we pass it this hybrid object to `TurboModuleManager::initHybrid`, which retrieves the `std::shared_ptr<JSCallInvoker>` from the `JavaJSCallInvokerHandler`.

There were a few cyclic dependencies, so I had to break down the buck targets:
- `CatalystInstanceImpl.java` depends on `JSCallInvokerHolderImpl.java`, and `TurboModuleManager.java` depends on classes that are packaged with `CatalystInstanceImpl.java`. So, I had to put `JSCallInvokerHolderImpl.java` in its own buck target.
- `CatalystInstance.cpp` depends on `JavaJSCallInvokerHolder.cpp`, and `TurboModuleManager.cpp` depends on classes that are build with `CatalystInstance.cpp`. So, I had to put `JavaJSCallInvokerHolder.cpp` in its own buck target. To make things simpler, I also moved `JSCallInvoker.{cpp,h}` files into the same buck target as `JavaJSCallInvokerHolder.{cpp,h}`.

I think these steps should be enough to create the TurboModuleManager without needing a bridge:
1. Make `JSCallInvoker` an abstract base class.
2. On Android, create another derived class of `JSCallInvoker` that doesn't depend on Instance.
3. Create `JavaJSCallInvokerHolder` using an instance of this new class somewhere in C++.
4. Pass this instance of `JavaJSCallInvokerHolder` to Java and use it to create/instatiate `TurboModuleManager`.

Regarding steps 1 and 2, we can also make JSCallInvoker accept a lambda.

Reviewed By: mdvacca

Differential Revision: D15055511

fbshipit-source-id: 0ad72a86599819ec35d421dbee7e140959a26ab6"
"Decouple Module System from Native Calls

Summary:
The JavaScript ecosystem doesn't have the notion of a built-in native module loader. Even Node is decoupled from its module loader. The module loader system is just JS that runs on top of the global `process` object which has all the built-in goodies.

Additionally there is no such thing as a global require. That is something unique to our providesModule system. In other module systems such as node, every require is contextual. Even registered npm names are localized by version.

The only global namespace that is accessible to the host environment is the global object. Normally module systems attaches itself onto the hooks provided by the host environment on the global object.

Currently, we have two forms of dispatch that reaches directly into the module system. executeJSCall which reaches directly into require. Everything now calls through the BatchedBridge module (except one RCTLog edge case that I will fix). I propose that the executors calls directly onto `BatchedBridge` through an instance on the global so that everything is guaranteed to go through it. It becomes the main communication hub.

I also propose that we drop the dynamic requires inside of MessageQueue/BatchBridge and instead have the modules register themselves with the bridge.

executeJSCall was originally modeled after the XHP equivalent. The XHP equivalent was designed that way because the act of doing the call was the thing that defined a dependency on the module from the page. However, that is not how React Native works.

The JS side is driving the dependencies by virtue of requiring new modules and frameworks and the existence of dependencies is driven by the JS side, so this design doesn't make as much sense.

The main driver for this is to be able to introduce a new module system like Prepack's module system. However, it also unlocks the possibility to do dead module elimination even in our current module system. It is currently not possible because we don't know which module might be called from native.

Since the module system now becomes decoupled we could publish all our providesModule modules as npm/CommonJS modules using a rewrite script. That's what React Core does.

That way people could use any CommonJS bundler such as Webpack, Closure Compiler, Rollup or some new innovation to create a JS bundle.

This diff expands the executeJSCalls to the BatchedBridge's three individual pieces to make them first class instead of being dynamic. This removes one layer of abstraction. Hopefully we can also remove more of the things that register themselves with the BatchedBridge (various EventEmitters) and instead have everything go through the public protocol. ReactMethod/RCT_EXPORT_METHOD.

public

Reviewed By: vjeux

Differential Revision: D2717535

fb-gh-sync-id: 70114f05483124f5ac5c4570422bb91a60a727f6"
"ScrollView snapToOffsets

Summary:
* Added snapToOffsets prop to ScrollView. Allows snapping at arbitrary points.

* Fixed pagingEnabled not being overridden by snapToInterval on iOS.

* Fixed Android *requiring* pagingEnabled to be defined alongside snapToInterval.
* Added support for decelerationRate on Android.

* Fixed snapping implementation. It was not calculating end position correctly at all (velocity is not a linear offset).
  * Resolves https://github.com/facebook/react-native/issues/20155
* Added support for new content being added during scroll (mirrors existing functionality in vertical ScrollView).

* Added support for snapToInterval.
  * Resolves https://github.com/facebook/react-native/issues/19552

Reviewed By: yungsters

Differential Revision: D9405703

fbshipit-source-id: b3c367b8079e6810794b0165dfdbcff4abff2eda"
"Introduce TurboModuleManagerDelegate

Summary:
`TurboModuleManagerDelegate` is an abstract base class with the following API:

```
  public TurboModule getModule(String name, ReactApplicationContext reactApplicationContext);
  public CxxModuleWrapper getLegacyCxxModule(String name, ReactApplicationContext reactApplicationContext);
```

```
  std::shared_ptr<TurboModule> getTurboModule(std::string name, jni::global_ref<JTurboModule> turboModule, std::shared_ptr<JSCallInvoker> jsInvoker) override;
  std::shared_ptr<TurboModule> getTurboModule(std::string name, std::shared_ptr<JSCallInvoker> jsInvoker) override;
```

On the C++ side, when asked to provide a TurboModule with name `name`:

1. First, is this a CxxModule? If so:
    1. Create the CxxModule and return
2. Otherwise:
    1. Somehow get a Java instance of the TurboModule
    2. If this Java object represents a CxxModule, like `FbReactLibSodiumModule`:
        1. Grab the C++ part of this object, and wrap it in a `TurboCxxModule.cpp` and return.
    3. Otherwise:
        1. Wrap the Java object in a C++ HostObject and return.

This pseudocode demonstrates how we'd use `TurboModuleManagerDelegate` to implement `__turboModuleProxy`.
```
__turboModuleProxy(name, jsCallInvoker):
  let cxxModule = TurboModuleManagerDelegate::getTurboModule(name, jsCallInvoker)
  if (!cxxModule) {
    return cxxModule;
  }

  // JNI Call that forwards to TurboModuleManagerDelegate.getLegacyCxxModule
  let javaCxxModule : CxxModuleWrapper = TurboModuleManager.getLegacyCxxModule(name)

  if (!javaCxxModule) {
    return std::shared_ptr<react::TurboCxxModule>(javaCxxModule.getModule())
  }

  // JNI Call that forwards to TurboModuleManagerDelegate.getModule
  let javaModule : TurboModule = TurboModuleManager.getModule(name)

  if (!javaCxxModule) {
    return TurboModuleManagerDelegate::getTurboModule(name, javaModule, jsCallInvoker)
  }

  return null
```

Reviewed By: mdvacca

Differential Revision: D15111335

fbshipit-source-id: c7b0aeda0e4565e3a2729e7f9604775782b6f893"
"Move xreact/jni to react/jni

Reviewed By: mhorowitz

Differential Revision: D5155612

fbshipit-source-id: 871a23916c0069498691dc0dd3c94fd2e404cec9"
"Switch RN from JSCJavaScriptExecutorFactory to JSCExecutorFactory

Summary:
This removes the dependency on JSCExecutor.  Everything goes
through JSI now.

Reviewed By: RSNara

Differential Revision: D9328240

fbshipit-source-id: c9c085fec1ebd5d0f4679cd70b89cc263ca33ac4"
"Force execution of all pre-allocation of views before execution of mount items

Summary:
Now that pre-allocation of views update props, we can just force the execution of ""pre-allocation"" instead of ""create"" mount item.

This should reduce the amount of mountItems that are created during commit phase.
This should improve TTI (I'm running a MobileLab)

Reviewed By: shergin

Differential Revision: D14297476

fbshipit-source-id: 3ade662848ed836dc3221abe78611bb4a2b94e00"
"Preallocate Image views

Summary:
This diff changes the pre-allocation of Images update the props on the ImageViews during the creation of ShadowNodes instead of during rendering.
The purpose of this change is to optimize TTI.

This was originally landed in D14214844 and then backed out in D14247897

Reviewed By: shergin

Differential Revision: D14286232

fbshipit-source-id: 8437f57f9473eb22ef98d80531b4020ee5fbb9ae"
"Update Props during pre-allocation avoiding re-updating the same props during mounting

Summary:
Update Props during pre-allocation avoiding re-updating the same props during mounting

MobileLab test showed an improvement of:
MARKETPLACE_YOU_TTI_SUCCESS: -3.34% = 58ms

Reviewed By: shergin

Differential Revision: D14252170

fbshipit-source-id: 1f4e9ad5dcecbc06651fa065135ffeed4892d984"
"Add new performance metric in Fabric

Summary: This diff adds a new metric in Fabric to measure time it takes to Fabric finish transaction in CPP

Reviewed By: shergin

Differential Revision: D14198153

fbshipit-source-id: 987d1db1ae669906192060cc9b9e077901da6787"
"Rewrite 'react-native init' and 'react-native upgrade' without using Yeoman in preparation for templates support

Summary:
This is the manually imported version of https://github.com/facebook/react-native/pull/10786

This was mostly straigthforward by replacing the local-cli folder with the version I had in my local git checkout,
plus a few other files I listed with git diff --name-only.

Reviewed By: hramos

Differential Revision: D4201118

fbshipit-source-id: 4d0fb54b0edda9de1abba427958e420fd2ac105c"
"Extract all NativeArray/NativeMap from OnLoad.cpp

Summary: These will, eventually, need to be moved to the new bridge and so must become standalone things. For *NativeArray, this is almost just moving them out into their own .h/.cpp files. The *NativeMaps are updated to be hybrids instead of countables (in addition to getting their own .h/.cpp).

Reviewed By: mhorowitz

Differential Revision: D3325169

fbshipit-source-id: 40cfcab92b3fb2310bcd4de8f39e82f85d404abd"
"move native accesses of map into two accesses instead of per-element

Differential Revision: D6650192

fbshipit-source-id: 0eb0719fd3b7813add33a3d4fe3fb70e6f375fd7"
"Move configuration to new YGConfig and pass them down to CalculateLayout

Summary:
Move configuration to new ```YGConfig``` and pass them down to CalculateLayout. See #418 .

Adds ```YGConfigNew()``` + ```YGConfigFree```, and changed ```YGSetExperimentalFeatureEnabled``` to use the config.

New function for calculation is ```YGNodeCalculateLayoutWithConfig```.
Closes https://github.com/facebook/yoga/pull/432

Reviewed By: astreet

Differential Revision: D4611359

Pulled By: emilsjolander

fbshipit-source-id: a1332f0e1b21cec02129dd021ee57408449e10b0"
"Fix sizing of non strech items

Summary:
Fixes the sizing of items so that under most scenarios it calcultes its height by it's content for non exact measurings. This introduces a new useLegacyStretchBehaviour flag on the config to opt out of this change as it is breaking.

See facebook/yoga#505
Closes https://github.com/facebook/yoga/pull/506

Reviewed By: astreet

Differential Revision: D4954016

Pulled By: emilsjolander

fbshipit-source-id: d28bd5d174cd76951fb94df85e3b0cfab7f81ff7"
"Expose layout diffing flag to java

Reviewed By: emilsjolander

Differential Revision: D7272067

fbshipit-source-id: e67e82eb057e4c7124904c715f9dca4dcfea21ea"
"Back out ""[Fabric][C++][Android] update props during pre allocation of views""

Summary:
This is a back-out of D14214844, we noticed that this regressed TTI for Marketplace You screen running in Fabric

Original commit changeset: b81005f2bf49

Reviewed By: JoshuaGross

Differential Revision: D14247897

fbshipit-source-id: de0cea92b437b2fbcd075f0d6a0066156800e3f0"
"mostly working on Android + OTA

Summary:
It works great on iOS, and mostly works on Android, and is now OTA'able as part of the screen config! Haven't done template view yet. One remaining issue:

Layout is borked on Android. I'm guessing the issue has to do with the timing of setting the constraints in `updateRootLayoutSpecs` and calling `mBinding.startSurface` which actually builds the shadow tree. If I try to call `updateRootLayoutSpecs` earlier, it just crashes immediately. Here's the layout it spits out, which clearly has -440 for the x of 420006, which is the RCTText component, causing it to get cut off on the left of the screen:
```
updateLayoutMountItem for reactTag: 420006 x: -440, y: -13, width: 931, height: 78
updateLayoutMountItem for reactTag: 420010 x: 26, y: 79, width: 0, height: 1651
updateLayoutMountItem for reactTag: 420012 x: 0, y: 26, width: 0, height: 158
updateLayoutMountItem for reactTag: 420016 x: 0, y: 210, width: 454, height: 454
updateLayoutMountItem for reactTag: 420018 x: 454, y: 210, width: 455, height: 454
updateLayoutMountItem for reactTag: 420022 x: 0, y: 690, width: 454, height: 454
updateLayoutMountItem for reactTag: 420024 x: 454, y: 690, width: 455, height: 454
updateLayoutMountItem for reactTag: 420028 x: 0, y: 1171, width: 454, height: 454
updateLayoutMountItem for reactTag: 420030 x: 454, y: 1171, width: 455, height: 454
updateLayoutMountItem for reactTag: 420032 x: 0, y: 1651, width: 0, height: 0
```

Reviewed By: mdvacca

Differential Revision: D12813192

fbshipit-source-id: 450d646af4883ff25184141721351da67b091b7c"
"Enable update of props during preallocation for all views

Summary:
Before only the props of Images components were being applied during the pre-allocation phase.
Now that we have a limit of time that pre-allocations will be executed we can update props for any component

Reviewed By: shergin

Differential Revision: D14252171

fbshipit-source-id: afea4b71a32b7ae2c184b0cdce97f778bc3a47d2"
"Simplify Catalyst handleMemoryPressure

Reviewed By: cwdick

Differential Revision: D5200555

fbshipit-source-id: 86f12acca33ece265d3482ba52de9afcc83173cd"
"Refactor cloning of YogaNode

Reviewed By: priteshrnandgaonkar

Differential Revision: D7339832

fbshipit-source-id: 2de6f47ae7601ac083d3b9fbe10ffaf6307ae760"
"Extend Yoga to be able clone Yoga Node with new children

Reviewed By: emilsjolander

Differential Revision: D7245421

fbshipit-source-id: 72578c8261f29e4a12fc6c72a91f2f891cd58d48"
"Invert native dependency of new bridge -> old bridge

Reviewed By: mhorowitz

Differential Revision: D3409230

fbshipit-source-id: 541309ec953843477197e5a2b13730b8a38f608d"
"Fix typo in ReadableMapKeySetIterator.

Reviewed By: mkonicek

Differential Revision: D2564934

fb-gh-sync-id: 2ef1a0f5c1550d912dc751100c307659a5159fa3"
"Move native accesses of array into one access instead of per-element

Differential Revision: D6578349

fbshipit-source-id: 84ebd66ed791a845e9cc0fbc7e12a377534aa903"
"Static type check for int params + migrate colorInt to just int.

Differential Revision: D2475618

committer: Service User <svcscm@fb.com>"
"enable the usage of the BGUI thread

Reviewed By: javache

Differential Revision: D4928729

fbshipit-source-id: 2a3baa01856cb7145d5f0155da0b959c330b7425"
"Implement layout constraint when measuring text

Summary: This diff adds support for layout constraint when measuring text

Reviewed By: shergin

Differential Revision: D13111434

fbshipit-source-id: 0c8689e9ac8ce2281b03386f275d2a8e034f88d8"
"Refactor types used during yoga meassure calls

Summary: This diff refactors the types used when Yoga requires to measure the size of a View in C++

Reviewed By: shergin

Differential Revision: D13124086

fbshipit-source-id: 89dfe80bb41b4fb2eaba84af630d52ef2509b1e1"
"Roll back `-ffast-math`

Summary:
@public

`-ffast-math` does not have measurable performance benefits.

By using `NaN` for *undefined* values again, we can squeeze `YGFloatOptional` into 32 bits.
This will also enable us to store `YGValue` (or a variant of it) in 32 bits.

Reviewed By: astreet

Differential Revision: D13403925

fbshipit-source-id: b13d026bf556f24ab4699e65fb450af13a70961b"
"Roll back `-ffast-math`

Summary:
@public

`-ffast-math` does not have measurable performance benefits.

By using `NaN` for *undefined* values again, we can squeeze `YGFloatOptional` into 32 bits.
This will also enable us to store `YGValue` (or a variant of it) in 32 bits.

Reviewed By: SidharthGuglani

Differential Revision: D13119110

fbshipit-source-id: 4e6964240bf74ebc22d8783107b89d536a1a0842"
"Flows between RN Threads

Reviewed By: tadeuzagallo

Differential Revision: D2743733

fb-gh-sync-id: df4ae69a3501a37e08286857a8d4be3cd27c0ac3"
"Fix onPress for TextView containing just RawText

Summary: This diff enables the onPress event for TextViews that render RawText

Reviewed By: shergin

Differential Revision: D10222183

fbshipit-source-id: 4b6a6ad548286453f7dd3a14a5e4ee453a55b923"
"Rename enums

Differential Revision: D4244360

fbshipit-source-id: c9fcbdd231098c9ff230a6055676bbc7cbd11001"
"allow finding the rootTag of any reactTag inside UIManager

Summary: added API to in UIManager to find the rootTag/View of any reactTag based on its layout (shadow views) hierarchy (not to be used by JS)

Reviewed By: javache

Differential Revision: D3750410

fbshipit-source-id: 68611e39930d53ece478f25245ddc7f7838daaa6"
"Support invoking and returning arbitrary types from Java sync hooks

Reviewed By: mhorowitz

Differential Revision: D4409900

fbshipit-source-id: 347e33c442b32f64355d343308c218c15cf5a70f"
"Expose flexGrow, flexShrink, and flexBasis properties

Reviewed By: javache, astreet

Differential Revision: D3785140

fbshipit-source-id: a735602c53da72e3bce69ba30936c4ed25d76b88"
"Add support for aspectRatio style prop

Summary:
Expose aspectRatio style prop from css-layout to React Native.

This means the following will now work:

    <View style={{backgroundColor: 'blue', aspectRatio: 1}}/>

Reviewed By: javache

Differential Revision: D4226472

fbshipit-source-id: c8709a7c0abbf77089a4e867879b42dcd9116f65"
"Add percentage support to react native

Summary:
Adds support for percentage value in react native.

syntax: property: 100 | property | '100%'

supported properties:
padding
margin
width
height
minWidth
minHeight
maxWidth
maxHeight
flexBasis

```
class Playground extends React.Component {
  render() {
    return (
      <View style={{backgroundColor: 'white', padding: 10, paddingTop: 30, height: '100%'}}>
        <Text>
          If you want to quickly test out something,
          open the Playground.js file and start coding.
        </Text>
        <View style={{backgroundColor: 'red', height: 50, width: 50}}/>
        <View style={{backgroundColor: 'blue', height: '50%', width: '50%'}}/>
      </View>
    );
  }
}
```

Reviewed By: astreet

Differential Revision: D4376549

fbshipit-source-id: c41d68a7555396f95d063a7527ee081773ac56dc"
"Expose alignContent to react native

Summary:
This diff adds alignContent (https://developer.mozilla.org/en-US/docs/Web/CSS/align-content) support to React Native. This enables aligning the lines of multi-line content. See below playground for example usage.

```
class Playground extends React.Component {
  render() {
    return (
      <View style={{width: '100%', height: '100%', flexDirection: 'row', backgroundColor: 'white', flexWrap: 'wrap', alignContent: 'space-between'}}>
        <View style={{width: 100, height: 100, marginLeft: 10, marginTop: 10, backgroundColor: 'red'}}/>
        <View style={{width: 100, height: 100, marginLeft: 10, marginTop: 10, backgroundColor: 'red'}}/>
        <View style={{width: 100, height: 100, marginLeft: 10, marginTop: 10, backgroundColor: 'red'}}/>
        <View style={{width: 100, height: 100, marginLeft: 10, marginTop: 10, backgroundColor: 'red'}}/>
        <View style={{width: 100, height: 100, marginLeft: 10, marginTop: 10, backgroundColor: 'red'}}/>
        <View style={{width: 100, height: 100, marginLeft: 10, marginTop: 10, backgroundColor: 'red'}}/>
        <View style={{width: 100, height: 100, marginLeft: 10, marginTop: 10, backgroundColor: 'red'}}/>
      </View>
    );
  }
}
```

Reviewed By: astreet

Differential Revision: D4611803

fbshipit-source-id: ae7f6b4b7e9f4bc78d2502da948214294aad4dd2"
"Remove Fabric android implementation

Summary: This diff removes the Fabric Android implementation in favor of Fabric C++, as part of another diff I'm going to move the fabricxx package into fabric package

Reviewed By: shergin

Differential Revision: D9841240

fbshipit-source-id: c7922b7bfb9885f33b1f52237ec7cf00c1df96fb"
"ScrollView snapToStart/snapToEnd

Summary: Added `snapToStart` and `snapToEnd` props to ScrollView which work together with `snapToOffsets` and determine whether the beginning and end of the list automatically count as snap offsets or not. If not, the list is allowed to free-scroll between its start/end and the first/last snap offset.

Reviewed By: sahrens

Differential Revision: D9442386

fbshipit-source-id: 47a5fdb20f884542434b01b1f0a486ed2b478c6e"
"Setting bridge up for sharing: allowing native modules to register after init

Reviewed By: javache

Differential Revision: D4945784

fbshipit-source-id: 80e7236e9ccd5d5c9a7fba7c96b98fc38b43a2fc"
"Remove instanceHandle, pass event target instead + add dispatchToEmptyTarget

Summary:
Removes the concept of instance handle. Instead we pass the event target
to createNode and don't pass it to subsequent clones.

The life time of the event target is managed by native (the event emitter).
It has to be released manually.

Reviewed By: shergin

Differential Revision: D8688330

fbshipit-source-id: e11b61f147ea9ca4dfb453fe07063ed06f24b7ac"
"Change NaN with large number

Reviewed By: emilsjolander

Differential Revision: D6969537

fbshipit-source-id: bdc09eaf703e0d313ca65c25a4fb44c99203d9bf"
"Add support for space-between and space-around on align-content

Summary:
Adds the two missing alignments ```space-between``` and ```space-around``` for ```align-content``` . Those values are a noop on ```align-items``` in order to prevent a breaking changes for an additional enum.

Fix #229
Closes https://github.com/facebook/yoga/pull/364

Reviewed By: gkassabli

Differential Revision: D4528561

Pulled By: emilsjolander

fbshipit-source-id: ea6291b6dd22cef05d9eec03893250d50371236e"
"Baseline support

Summary:
Added baseline support (see #132)

You have the ability for a custom baseline function (```float(*YGBaselineFunc)(YGNodeRef node);```) to return whatever baseline you want.
Closes https://github.com/facebook/yoga/pull/317

Reviewed By: splhack

Differential Revision: D4385061

Pulled By: emilsjolander

fbshipit-source-id: cb8a59a09237c840fa3e21753ab68239997dab0c"
"Drop support for webworkers

Reviewed By: AaaChiuuu

Differential Revision: D4916449

fbshipit-source-id: a447233d3b7cfee98db2ce00f1c0505d513e2429"
"Feature auto margin

Summary:
Even so I know there are some opinions against ```margin: 0 auto``` it's still part of the spec: https://www.w3.org/TR/css-flexbox-1/#auto-margins and pretty usefull if you have to position via ```justify-content```.

This PR adds an implementation for that.

It adds an additonal ```YGUnitAuto``` and margins got ```YGNodeStyleSetMarginAuto``` functions as well.
Closes https://github.com/facebook/yoga/pull/357

Reviewed By: astreet

Differential Revision: D4501142

Pulled By: emilsjolander

fbshipit-source-id: 86519f8632496f46e78a7c9dbc5b21e212e3e0c7"
"Clean-up parent / owner reference of children during clonning

Summary: This diff cleans up the parent / owner references for children of ReactShadowNode / YogaNode during cloning. The reason of this behavior is to avoid retaining every generation of trees during cloning. This fixes a memory leak detected when running the ProgressBarExample.android.js in catalyst app

Reviewed By: fkgozali

Differential Revision: D8019894

fbshipit-source-id: b0d38f0c836ffec534f64fa1adbd7511ecf3473d"
"Rename YGUnitPixel to YGPoint...

Summary:
...to reflect the modern world we live in with dynamic DPI platforms :)
Closes https://github.com/facebook/yoga/pull/375

Reviewed By: dshahidehpour

Differential Revision: D4528518

Pulled By: emilsjolander

fbshipit-source-id: e422bd4ae148e02c598a7b484a6adfa8c0e1e0c9"
"Expose way for native modules to modify JSC context

Reviewed By: svcscm

Differential Revision: D2933197

fb-gh-sync-id: 32eb943ab341804343bbcadd29f0377fccf75de6
shipit-source-id: 32eb943ab341804343bbcadd29f0377fccf75de6"
"Add a way to access the underlying JavaScriptCore context

Summary:
**Motivation**

I'm working on a project that uses React Native and needs to add direct synchronous bindings to native stuff through the JavaScriptCore C API. This is because it's performance-sensitive and would benefit from the quickest JS->C path. It does this using cross-platform C++ code that works on both iOS and Android. Most of the infrastructure for getting access to the JSC context is already in React Native actually, just had to add a few more things.

(lexs you mentioned to tag you in this pull request)

**Test plan**

Modify the JavaScriptCore context through the `JSContextRef` returned (eg. add an object at global scope) and verify that it exists in JavaScript.
Closes https://github.com/facebook/react-native/pull/10399

Differential Revision: D4080945

Pulled By: lexs

fbshipit-source-id: 6659b7a01e09fd84475adde183c1d3aca2d4cf09"
"Cleanup and document native module configuration

Summary: Get rid of the old behaviour of JSON encoding in `nativeRequireModuleConfig` and consistently use the same names for function types ""async/promise/sync""

Reviewed By: lexs

Differential Revision: D3819348

fbshipit-source-id: fc798a5abcaf6a3ef9d95bd8654afa7825c83967"
"Add YGLayoutGetMargin

Summary:
Fix #326. I'll open another PR once this one gets accepted to add support for `YGLayoutGetBorder` ðŸ‘Œ
Closes https://github.com/facebook/yoga/pull/335

Reviewed By: gkassabli

Differential Revision: D4409399

Pulled By: emilsjolander

fbshipit-source-id: 8153f6701cab60b55a485f6d2e0b9f7767481090"
"Split JavaSJExecutor and ProxyExecutorException into their own file

Summary: This makes the exception a nested class of the interface,
which eliminates the dependency of DevSupportManager on
ProxyJavaScriptExecutor.
public

Reviewed By: astreet

Differential Revision: D2651252

fb-gh-sync-id: 99de1c308b9bce717ab749c4e239d2773a920e1f"
"Add AppIdentity and DeviceIdentity to Inspector

Reviewed By: Hypuk

Differential Revision: D5924011

fbshipit-source-id: a81d420dbe1a5ede203d2fa313548e19664b9587"
"Delete ModuleRegistryHolder

Reviewed By: mhorowitz

Differential Revision: D4411478

fbshipit-source-id: 03f48f92f0d97bd5e3318f60c8357242fe9792cf"
"Let JS modules use strings instead of ids on Android

Reviewed By: nicklockwood

Differential Revision: D3229626

fb-gh-sync-id: f8b2e8c9fc0d25d67f623cdbbe9930a02a40d1de
fbshipit-source-id: f8b2e8c9fc0d25d67f623cdbbe9930a02a40d1de"
"Create tracing name in C++ instead of Java

Reviewed By: mhorowitz

Differential Revision: D3469140

fbshipit-source-id: 77a00a7150573e44f219972556cbb936a57d7054"
"Remove JS config completely

Reviewed By: astreet

Differential Revision: D3276230

fbshipit-source-id: b3ab7e7dc149696b7db1049613fbb6a2a19bc8fb"
"WebWorkers: Add ExecutorToken to route native module calls to/from workers

Summary:To support native modules in web workers, native modules need to have an notion of the JS executor/thread that called into them in order to respond via Callback or JS module call to the right executor on the right thread.

ExecutorToken is an object that only serves as a token that can be used to identify an executor/message queue thread in the bridge. It doesn't expose any methods. Native modules Callback objects automatically have this ExecutionContext attached -- JSModule calls for modules that support workers will need to supply an appropriate ExecutorToken when retrieving the JSModule implementation from the ReactContext.

Reviewed By: mhorowitz

Differential Revision: D2965458

fb-gh-sync-id: 6e354d4df8536d40b12d02bd055f6d06b4ca595d
shipit-source-id: 6e354d4df8536d40b12d02bd055f6d06b4ca595d"
"Merging cxxbridge and bridge packages

Reviewed By: javache

Differential Revision: D5027875

fbshipit-source-id: 47e081069d4219bdb29f63ce8a78c1f31a590da7"
"Refactor CxxModuleWrapper to support different use cases

Reviewed By: javache

Differential Revision: D4807680

fbshipit-source-id: 48eccfb382814a0c4082f56617e0359e61345da7"
"Provide sync vs async interface for bundle loading via parameter

Reviewed By: javache

Differential Revision: D5104317

fbshipit-source-id: ffacb57d85c24795a3acc2faba2ff5824cc739b2"
"Yoga test failure for flexing with min stack dimension

Reviewed By: emilsjolander

Differential Revision: D4558653

fbshipit-source-id: 06b38d7ed43aee063cc881f38b84558641f043f3"
"Rename directories

Reviewed By: gkassabli

Differential Revision: D4284681

fbshipit-source-id: f0c6855c2c6e4389b7867f48f72cbb697830fc5a"
"Remove rounding from experimental features

Reviewed By: gkassabli

Differential Revision: D4953838

fbshipit-source-id: 3ee5f27d92f95b3ed4a01c98bc35e9157f2e91c5"
"Fix optimized bundle stuff.

Reviewed By: davidaurelio, tadeuzagallo

Differential Revision: D3563710

fbshipit-source-id: 2b0a982d388ee5f44b806f8e561ef49a3fd8c8ca"
"Added property display: flex and none

Summary:
Fix #241 and successor for #302

Added new property ```display``` with ```YGDisplayFlex``` and ```YGDisplayNone```. Allows to hide nodes from the layout without the need to remove it from the DOM.
Closes https://github.com/facebook/yoga/pull/369

Reviewed By: astreet

Differential Revision: D4501141

Pulled By: emilsjolander

fbshipit-source-id: 0dfeee381f6d1e4bbba81926126b83dd7abab9d6"
"Remove SourceCode.getScriptText

Summary:
After cleaning up JS SourceMap code, these native methods are not needed anymore.

On iOS it saves another 30+ Mb during development.

Reviewed By: javache, astreet

Differential Revision: D3348975

fbshipit-source-id: a68ae9b00b4dbaa374b421029ae676fc69ae5a75"
"Remove scrollview support from UIManager, remove mainScrollView(delegate)

Reviewed By: nicklockwood

Differential Revision: D2692749

fb-gh-sync-id: 48975d2f09f3b2902dfa2e56ff9d34257b2395bc"
"Dispatch native handled events to JS

Summary:
When native events where handled they were not sent to JS as an optimization but this caused some issues. One of the major one is touches are not handled properly inside a ScrollView with an Animated.event because it doesn't receive scroll events so it can't cancel the touch if the user scrolled.
Closes https://github.com/facebook/react-native/pull/10981

Differential Revision: D4226403

Pulled By: astreet

fbshipit-source-id: 41278d3ed4b684af142d9e273b11b974eb679879"
"Add new FileSourceProvider

Summary: Add a new interface to JSC that allows loading a file lazily from disk, i.e. using mmap, instead of loading the whole file upfront and copying into the VM.

Reviewed By: michalgr

Differential Revision: D3534042

fbshipit-source-id: 98b193cc7b7e33248073e2556ea94ce3391507c7"
"BREAKING - Fix unconstraint sizing in main axis

Summary:
This fixes measuring of items in the main axis of a container. Previously items were in a lot of cases measured with UNSPECIFIED instead of AT_MOST. This was to support scrolling containers. The correct way to handle scrolling containers is to instead provide them with their own overflow value to activate this behavior. This is also similar to how the web works.

This is a breaking change. Most of your layouts will continue to function as before however some of them might not. Typically this is due to having a `flex: 1` style where it is currently a no-op due to being measured with an undefined size but after this change it may collapse your component to take zero size due to the implicit `flexBasis: 0` now being correctly treated. Removing the bad `flex: 1` style or changing it to `flexGrow: 1` should solve most if not all layout issues your see after this diff.

Reviewed By: majak

Differential Revision: D3876927

fbshipit-source-id: 81ea1c9d6574dd4564a3333f1b3617cf84b4022f"
"allow fetching any resource under js folder via packager

Summary: This is a simple hook to allow native side to fetch any file under the js root folder via packager. Historically, only the `main.jsbundle` is fetched via the packager. This then allows fetching local file like a json file that lives under the same root js folder

Reviewed By: yungsters

Differential Revision: D4037730

fbshipit-source-id: a2d6eb5e30d148fee573d413fc4036d0189f4938"
"Move thread jump for js loading into NativeToJSBridge, out of platform code

Reviewed By: javache

Differential Revision: D3906009

fbshipit-source-id: b9782a6c209e3c1626899dac7fd50233cdef87f3"
"Modal Animation Types

Summary:
Currently the Modal component uses the slide up / down animation for presenting and hiding the Modal with no options. This PR gives users a choice to use a fade in / out animation or the current slide animation (slide is the default). Android and iOS.

![](http://g.recordit.co/nfJSg487Ox.gif)  ![](http://g.recordit.co/QHGDuUFbPy.gif)

I've updated the UIExplorer and documentation.

![image](https://cloud.githubusercontent.com/assets/4265163/14743130/0bd8282c-086e-11e6-93eb-3d344431337d.png)

Thanks!
Closes https://github.com/facebook/react-native/pull/7156

Differential Revision: D3237809

Pulled By: javache

fb-gh-sync-id: 813e56ada8b19990dc5018527dc3a81b2c8b349a
fbshipit-source-id: 813e56ada8b19990dc5018527dc3a81b2c8b349a"
"Display JS exceptions and stacks in a red box

Reviewed By: astreet

Differential Revision: D3510875

fbshipit-source-id: a7042434b68cb849f5b0c4ef782befff6a27ef5c"
"Reverted commit D3545345

Reviewed By: tadeuzagallo

Differential Revision: D3545345

fbshipit-source-id: d655918be7dcadaf8143800497e85f3de44bd48a"
"add API to CatalystInstanceImpl for executing optimized bundle

Reviewed By: tadeuzagallo

Differential Revision: D3545345

fbshipit-source-id: 538fec77b816c3fd767e8c2eda81c78971996b17"
"Reverted commit D3428952

Reviewed By: frantic

Differential Revision: D3428952

fbshipit-source-id: 61e5195399746d6511719971121c7c63f87ef4f4"
"Pass jsc config to JSC

Reviewed By: astreet

Differential Revision: D2965497

fb-gh-sync-id: 1aef5a1f2d7ccb8de8ca403e51ebcf247bd6b034
shipit-source-id: 1aef5a1f2d7ccb8de8ca403e51ebcf247bd6b034"
"Rename executeApplicationScript -> loadApplicationScript

Reviewed By: davidaurelio

Differential Revision: D2921959

fb-gh-sync-id: 5bf44f5d037f2341000070f59309df0fab72aa29
shipit-source-id: 5bf44f5d037f2341000070f59309df0fab72aa29"
"add Clipboard component for ios and android

Summary:
add Clipboard component for ios and android
 ```javascript
    import Clipboard from 'react-native'

    Clipboard.get((content)=>{
          console.log('here is content in clipboard:%s',content)
    });
    var content = 'here is a string';
    Clipboard.set(content);
```
Closes https://github.com/facebook/react-native/pull/4384

Reviewed By: svcscm

Differential Revision: D2738881

Pulled By: mkonicek

fb-gh-sync-id: a06df32d1eb2824cc9ca3de9d45e4e67fd2edbc9"
"Don't execute things that may throw in Bridge/JSCExecutor dtors

Summary:In testing, I've found that there's no good way to return stack traces to the server for exceptions that happen in dtor's. If the dtor is not marked nothrow(false), the exceptions are uncatchable (and bubble up as a std::abort without exception info) and if annotated properly, the program instead crashes trying to resume the stack, again a std::abort without exception info.

Instead, I created a separate destroy method that can be called (and protected via fbjni) to make the dtor's no longer execute code that may throw. Note that we don't really expect the code that was previously in ~JSCExecutor() to throw, but it was in production and we had absolutely no info to help debug it.

Reviewed By: mhorowitz

Differential Revision: D2989999

fb-gh-sync-id: 4cf9de5e0592fe6830a9903375363a78e1339a94
shipit-source-id: 4cf9de5e0592fe6830a9903375363a78e1339a94"
"Dispatch JS calls to JS thread from c++ bridge

Summary: Instead of dispatching calls to the JS thread in Java, do it in the C++ bridge. This moves us closer to the cxx bridge and will allow us to dispatch to the correct web worker in C++ instead of in Java

Reviewed By: mhorowitz

Differential Revision: D2954115

fb-gh-sync-id: 7e7d4eff2c72601b8b4416f1ccd8d2985aebd755
shipit-source-id: 7e7d4eff2c72601b8b4416f1ccd8d2985aebd755"
"Revert D2982150: Revert D2926896 WebWorkers: Move web worker impl to JSCExecutor

Reviewed By: lexs

Differential Revision: D2982364

fb-gh-sync-id: 25f099377acca75298768072d38d77dcb9c1bff3
shipit-source-id: 25f099377acca75298768072d38d77dcb9c1bff3"
"WebWorkers: Allow native modules to be notified when executors are unregistered

Summary: This will allow them to clean up resources when a web worker goes away.

Reviewed By: mhorowitz, lexs

Differential Revision: D2994721

fb-gh-sync-id: c7ca1afc7290e85038cf692a139f6478dba0ef61
shipit-source-id: c7ca1afc7290e85038cf692a139f6478dba0ef61"
"WebWorkers: Move web worker impl to JSCExecutor

Summary: Part of the plan to make web workers able to call native modules. We will reuse the infrastructure already present in JSCExecutor to allow web workers to call native modules via the Bridge.

Reviewed By: mhorowitz

Differential Revision: D2926896

fb-gh-sync-id: 259b766c46f79bbb5df9d1c648237b81fc1cc1f9
shipit-source-id: 259b766c46f79bbb5df9d1c648237b81fc1cc1f9"
"Allow developers to load JavaScript bundle from any source.

Summary: This patch adds two pieces of functionality:

- Exposes `JSBundleLoader` to allow a developer to load JavaScript bundles as they choose.
- Adds `ReactBridge.loadScripFromFile` method which loads a JavaScript bundle from an arbitrary file path.

Example usage:

```
JSBundleLoader jsBundleLoader = new JSBundleLoader() {
    Override
    public void loadScript(ReactBridge reactBridge) {
        reactBridge.loadScriptFromFile(""/sdcard/Download/index.android.bundle"");
    }
};

mReactInstanceManager = ReactInstanceManager.builder()
        .setApplication(getApplication())
        .setJSBundleLoader(jsBundleLoader)
        .setJSMainModuleName("""") /* necessary due to TODO(6803830) */
        .addPackage(new MainReactPackage())
        .setInitialLifecycleState(LifecycleState.RESUMED)
        .build();
```

cc ide
Closes https://github.com/facebook/react-native/pull/3189

Reviewed By: svcscm

Differential Revision: D2535819

Pulled By: mkonicek

fb-gh-sync-id: f319299dbe29bab3b7e91f94249c14b270d9fec3"
"Load JS bundle after CatalystInstance has been attached to the ReactContext

Reviewed By: andreicoman11

Differential Revision: D2550062

fb-gh-sync-id: 05790e8c092c7dd28669ffd48f7d7d2dffd6546e"
"show script eval errors in redbox

Differential Revision: D2624801

fb-gh-sync-id: 48741a8caf029415753a4c616a07f18d3660e6fb"
